Median grip,Median relax,Threshold
0.30678344000000002,0.20722774600000002,0.22713888480000002
