Median grip,Median relax,Threshold
0.33120697600000004,0.20410034200000005,0.22952166880000005
