Median grip,Median relax,Threshold
0.39770154200000002,0.20752559400000004,0.24556078360000003
