Median grip,Median relax,Threshold
0.34259966200000003,0.20558958200000005,0.23299159800000005
