Median grip,Median relax,Threshold
0.37044845000000004,0.20573850600000002,0.23868049480000003
