Median grip,Median relax,Threshold
0.29263566000000002,0.20454711400000003,0.22216482320000003
