Median grip,Median relax,Threshold
0.28831686400000001,0.20573850600000002,0.22225417760000002
