Median grip,Median relax,Threshold
0.28407253000000005,0.20782344200000002,0.22307325960000002
