Median grip,Median relax,Threshold
0.38831933000000002,0.20678097400000001,0.24308864520000001
