Median grip,Median relax,Threshold
0.40164802800000005,0.21072746000000001,0.24891157360000002
