Median grip,Median relax,Threshold
0.27402016000000001,0.20611081600000003,0.21969268480000004
