Median grip,Median relax,Threshold
0.47402509200000009,0.20946160600000002,0.26237430320000005
