Median grip,Median relax,Threshold
0.39583999200000003,0.21042961200000004,0.24751168800000004
