Median grip,Median relax,Threshold
0.32465432000000005,0.21028068800000002,0.23315541440000004
