Median grip,Median relax,Threshold
0.33835532800000001,0.21109977000000002,0.23655088160000001
