Median grip,Median relax,Threshold
0.30127325199999999,0.21028068800000002,0.2284792008
