Median grip,Median relax,Threshold
0.27670079200000003,0.20916375800000003,0.22267116480000004
