Median grip,Median relax,Threshold
0.35711975200000001,0.20886591000000002,0.23851667840000002
