Median grip,Median relax,Threshold
0.36620411600000002,0.20931268200000003,0.24069096880000002
