Median grip,Median relax,Threshold
0.38325591400000003,0.20782344200000002,0.24290993640000003
