Median grip,Median relax,Threshold
0.38608547000000004,0.20961053000000002,0.24490551800000002
