Median grip,Median relax,Threshold
0.29963508800000005,0.20715328399999999,0.22564964479999999
