Median grip,Median relax,Threshold
0.35846006799999997,0.20692989800000003,0.23723593200000001
