Median grip,Median relax,Threshold
0.42919896800000001,0.21184439000000002,0.25531530560000004
