Median grip,Median relax,Threshold
0.36285332600000003,0.21139761800000001,0.24168875960000002
