Median grip,Median relax,Threshold
0.27372231200000002,0.20611081600000003,0.21963311520000003
