Median grip,Median relax,Threshold
0.30499635200000003,0.20730220800000002,0.22684103680000001
