Median grip,Median relax,Threshold
0.34058918800000004,0.21340809199999999,0.23884431119999999
