Median grip,Median relax,Threshold
0.51944691200000004,0.20856806200000003,0.27074383200000002
