Median grip,Median relax,Threshold
0.38079866800000006,0.20990837800000001,0.24408643600000002
