Median grip,Median relax,Threshold
0.28325344800000002,0.21214223800000001,0.22636448000000001
