Median grip,Median relax,Threshold
0.26657396,0.207078822,0.2189778496
