Median grip,Median relax,Threshold
0.35563051200000007,0.208568062,0.23798055200000001
