Median grip,Median relax,Threshold
0.29844369599999998,0.20752559400000004,0.22570921440000002
