Median grip,Median relax,Threshold
0.291593192,0.20268556400000001,0.2204670896
