Median grip,Median relax,Threshold
0.31795274000000007,0.21035515000000002,0.23187466800000003
