Median grip,Median relax,Threshold
0.29055072400000004,0.21020622600000002,0.22627512560000002
