Median grip,Median relax,Threshold
0.39747815600000003,0.20424926600000001,0.242895044
