Median grip,Median relax,Threshold
0.35443912000000005,0.20908929600000001,0.23815926080000002
