Median grip,Median relax,Threshold
0.27327554000000004,0.20320679800000002,0.21722054640000002
