Median grip,Median relax,Threshold
0.27789218399999999,0.21251454800000003,0.22559007520000002
