Median grip,Median relax,Threshold
0.30916622400000005,0.210206226,0.22999822559999999
