Median grip,Median relax,Threshold
0.41251948000000005,0.21065299800000001,0.25102629440000002
