Median grip,Median relax,Threshold
0.38273468000000005,0.21258901000000002,0.24661814400000004
