Median grip,Median relax,Threshold
0.35168402600000004,0.21430163600000002,0.24177811400000002
