Median grip,Median relax,Threshold
0.29918831600000007,0.20678097400000001,0.22526244240000001
