Median grip,Median relax,Threshold
0.40834960800000003,0.20983391600000001,0.24953705440000001
