Median grip,Median relax,Threshold
0.33716393600000005,0.20901483400000001,0.23464465440000001
